WalkingTime,PathLength
192.3984,4.95284748
126.282318,4.585456
203.675156,5.621229
186.138153,4.85214329
381.282684,6.55960846
461.444977,7.355304
