WalkingTime,PathLength
104.321815,3.31587458
160.182541,5.148122
216.613617,5.80609131
262.7094,6.27981043
472.778259,7.161809
