WalkingTime,PathLength
148.7993,4.93699551
157.0824,5.37643242
219.014114,5.84935141
323.349945,6.140629
315.2748,6.177156
268.88147,5.836384
410.205048,6.99438667
592.302246,7.538584
