WalkingTime,PathLength
142.482651,4.665207
124.582275,4.558512
116.5021,4.417571
113.202019,4.45181847
212.675812,5.02272463
195.693756,5.188767
303.753662,6.010392
