WalkingTime,PathLength
182.979416,4.564461
213.073273,5.162882
185.37442,4.859231
215.7759,5.46715546
384.932434,6.66008329
376.6917,6.566484
571.8796,7.76128
