WalkingTime,PathLength
251.68338,5.384393
216.873413,5.318864
289.706,5.62147474
