WalkingTime,PathLength
116.6221,3.84664536
188.377609,4.460328
116.202087,4.15567
238.8955,4.859272
231.601654,5.37912
464.238037,4.258295
