WalkingTime,PathLength
148.69986,3.6512444
125.461655,3.833297
212.954971,4.59372854
143.019211,3.955257
200.794418,4.530929
305.342346,5.13040638
