WalkingTime,PathLength
164.57959,4.74473047
317.766449,5.55846167
268.386475,5.774907
314.114166,6.092024
381.0313,6.78553629
454.845917,6.15551472
507.102753,6.928938
