WalkingTime,PathLength
150.317245,4.111916
113.382019,4.06946754
188.977264,5.087035
152.802933,4.8978014
168.45578,5.32858562
531.7994,6.75305462
543.7743,6.887907
