WalkingTime,PathLength
125.882309,3.48300076
156.88298,4.65788937
361.927338,6.16816854
387.556763,6.40393448
333.135559,5.807324
492.868,6.79884768
480.1939,6.72583866
