WalkingTime,PathLength
174.275726,5.057833
213.2767,5.26182
157.319336,5.17104769
323.916,6.10745859
466.080536,6.97859955
