WalkingTime,PathLength
266.922272,5.809908
265.6655,5.70478344
353.695923,6.94050074
593.9707,7.11362076
