WalkingTime,PathLength
152.3938,2.77964687
199.551849,4.13729048
102.261765,3.158114
129.7571,3.75534225
222.602875,4.347191
335.0583,5.142722
480.217041,5.62033272
